customer_id,name,gender,age,registration_channel,registration_date
caab387c-838c-43a8-8621-8e1a477f2c60,Carol Davies,Male,19,Offline,2021-02-12
4fd169d8-c2dc-42cc-a0b0-48b12568c8a5,Sherri Moore,Male,32,Online,2021-02-17
5f0e588e-b6b0-4944-ad7b-bedb636a1920,Tammy Estrada,Male,61,Online,2021-03-27
d54dd7f5-37a6-4594-84c9-41f96b118e99,Sean Martinez,Female,20,Online,2020-09-18
56973148-ecee-4b79-b3f9-409580817d77,John Smith,Male,31,Online,2023-12-26
1a91f473-6bd2-48fb-9ad9-5247d13d4ad0,Janice Pruitt PhD,Male,53,Online,2023-09-29
60e9177c-72e2-4efc-a4f0-96e573d1a906,Roberta Taylor,Female,32,Offline,2022-11-08
40ca0cfb-c0ae-4940-8f29-4e0074cf66aa,Elizabeth Williams DDS,Female,69,Online,2020-10-07
b037a004-cf9b-4d6e-a5ca-1f5a1523ea3a,Brandon Doyle,Male,62,Offline,2023-01-20
eaf3dec2-9615-483f-bbc7-836e1fcd1efa,Brian Jenkins,Female,35,Online,2021-09-15
804d5e04-5d9a-4ce7-8851-3bed61a939b0,Heather Chavez,Male,66,Offline,2020-07-06
f6daa1bb-3ac3-4e4e-b5ca-b677693d78cd,Mr. Carlos Ruiz,Male,23,Offline,2020-07-20
4d772372-9716-48bc-8051-78d0f2a2e608,Clifford Ray,Male,40,Offline,2021-01-29
7903f8d9-4415-4835-9564-182573ad0a6d,Edward Johnson,Female,69,Online,2021-08-27
63b97a59-a59d-4435-b79b-ffc23ccd5406,Ryan Moore,Female,52,Online,2022-01-03
0fefe381-114d-40cc-bd9c-038c307d0a8a,Kyle Patel,Female,23,Offline,2020-07-26
b256f224-f201-41ed-95b5-be84470a6df5,John Johnson,Female,54,Online,2023-04-14
925894ed-afa4-4b25-b873-4cb9757d1d33,Jordan Reid,Male,20,Online,2022-01-19
1ab4ab8c-6b5e-419a-9240-dfbd62312147,James Baldwin,Female,23,Online,2022-05-29
87eabe6c-850a-4ad5-b743-a4d18026daa8,Emily Stevens,Male,42,Offline,2021-02-19
a3e7e5ac-c27a-499d-97bf-55134c37e7de,Steve Best,Female,58,Offline,2021-01-17
a81ed459-f86e-48e1-97b7-e7de50505c03,Ashley Bennett,Male,41,Offline,2023-11-08
d50e811c-314c-40f8-a7ba-d477575a0c19,Catherine Garcia,Male,60,Offline,2021-08-15
1dc8a09a-04c8-47c7-8bc7-280af176be95,Christian Price,Male,56,Online,2022-04-28
40c1ade0-b697-49a4-b9af-94b41ae5e8ea,Nicholas Schwartz,Male,28,Offline,2023-03-21
5e481a5a-b609-47ec-b380-57824dffc169,Justin Fry,Female,35,Online,2023-02-10
58acc12c-12ac-4171-b881-5c0bc9f789a0,Lisa Delgado,Female,67,Online,2020-06-21
57261a79-00e0-4704-997d-8baf1ae6be92,Lori Campbell,Male,70,Online,2020-11-17
c4f36d68-4a42-4892-a201-b1d6dc7675d4,Renee Flores,Female,43,Offline,2023-05-08
82619011-dd0b-454a-af83-6c4c40741577,Francis Jackson,Male,31,Offline,2021-03-22
168286bc-cb8e-4f09-933b-a7cae8169f03,Samuel Hamilton,Male,59,Offline,2021-11-18
6c6143c7-e702-4108-9094-141257675ba8,Lauren Brown,Female,59,Offline,2022-05-07
a8a73425-6d5b-4532-8964-a0513b757c52,Ronald Shepherd,Male,34,Online,2023-06-28
9cf92a84-197b-42ba-9d69-ebfe95e6ca08,Lauren Burgess,Male,65,Offline,2020-05-18
73a64469-f3a2-49ed-98f1-14cbcf13db53,Jose Wilkerson,Female,55,Offline,2023-07-26
e24e662f-4b83-489f-b7e0-219b8f8ca63a,Theodore Evans,Female,32,Online,2020-12-17
c42548b8-a4aa-4a4b-b90e-86191a8f833f,Brian Dudley II,Female,23,Online,2023-08-24
fd2bd555-64d2-481b-8edc-94207fe9e43c,Eric Fisher DDS,Male,27,Online,2021-02-02
98660dd5-2837-4ecc-b702-6a547838f065,Eric Hawkins,Female,56,Online,2021-04-13
e70f8bb9-f3cc-4b59-92f2-f9561ec0d62b,Joseph Eaton,Female,42,Offline,2023-07-22
148776bf-d084-4d45-b407-15e1b42fccfd,Jennifer Rice,Female,53,Online,2022-05-28
95141a0e-67d2-4d17-a3ad-be5e09aba863,Mrs. Alejandra Smith,Male,61,Offline,2023-09-07
8155b1c1-d2dd-4efa-ac2a-3305108d3ffd,Brian Ramirez,Female,25,Offline,2021-08-04
4bc0cc3c-f45d-4aa0-96d2-68eefe47cbb9,David Miller,Female,28,Offline,2024-03-28
f3ecc10b-9b11-4176-87ea-03bfb48a76a8,Madison Reed,Male,64,Offline,2021-11-18
8f98e6c5-a3af-41be-90e5-8c6fb24e4423,Steven Patton,Male,50,Online,2021-08-09
d2935598-e460-4d37-b9aa-50acea55919e,Richard Kennedy,Female,58,Online,2021-01-28
42b3f99b-9d31-44d9-9998-61072a469979,Jordan Waters,Male,41,Online,2021-07-01
06333c5f-21f6-4acb-8af6-07bc4b0d9d6e,Jared Finley,Male,56,Offline,2023-06-03
aa84b6ec-2fb1-4e0a-a622-fa164988f96c,Kathryn Parker,Female,19,Online,2024-02-27
55af0bbc-c6c1-416c-b3db-a7a6592a28ae,Emily Johnson,Female,69,Offline,2020-10-16
00cc6c15-a185-447d-9083-705050ea4d69,Patricia Russell,Male,21,Online,2022-05-19
66170139-d736-419f-8e69-0f0fbc3ae403,Colleen Ali,Male,23,Offline,2021-01-26
4db2bd2c-6134-4294-9081-35263a9c4331,Teresa Ferguson,Male,66,Online,2023-01-26
9e71196f-951d-47ab-828c-b49bc09874b8,Derek Adams,Male,60,Offline,2022-09-07
9163c795-2448-4009-a61b-43f66b13eb8a,Samantha Diaz DDS,Male,34,Offline,2023-01-08
38abc1ca-4f3d-4f0c-98a7-e9146a994b31,Alejandra Freeman,Male,52,Online,2020-10-28
1ec195ce-6c5f-4462-9cc2-f9dbb9162a17,Sean Stevenson,Female,43,Offline,2021-07-27
853946c8-dcdf-4e0c-8fc1-3e3a15592718,James Brown,Female,51,Offline,2021-09-04
202a4dd0-3582-4499-a026-7b38ad09ef8e,Kristina Daugherty,Male,33,Online,2022-10-20
2853616d-c6ce-45c1-953f-a3f9a1e14724,Angela Miller,Male,39,Online,2020-05-15
63b59bb2-11d0-4122-a372-4ed320ac60da,Clayton Norris,Male,55,Online,2021-10-31
e151faef-82e8-4a4d-b86f-891d9ac882d8,Harold Payne,Male,22,Online,2020-09-27
deaa12f1-0e5d-4dcf-b9bc-105ed094e69c,Justin Edwards,Male,22,Online,2021-06-08
f2f6627e-92e8-4c48-ad1e-eefbba71d67b,Lisa Johnson,Female,22,Online,2022-03-31
c813b54f-4835-4624-bf86-56f99d8f8dbc,Megan Jackson,Female,60,Offline,2023-07-13
93edca2b-9ae3-4eed-b6bd-2745c7318767,Gabriel Walker,Male,52,Online,2021-06-17
5d30e9ef-52b6-454e-b7b9-5f15d3e3379e,Melissa Cooper,Female,33,Offline,2021-04-24
9cbf0837-5cdb-424c-9b69-f0d2c475aad0,Julian Rodriguez,Female,30,Online,2022-01-12
76bcc6d6-0a7d-4ca1-9fcc-43e71476df2f,Angela Young,Male,60,Offline,2023-06-30
b29fb367-82ed-4931-8834-21bd78011cb3,Christopher Mcgee,Female,45,Offline,2020-09-03
5fd531bb-1fed-4483-89d6-4abcafe9b969,Kevin Charles,Female,64,Online,2023-08-11
a10a387f-97d8-47f8-b7ba-cb2fcdb58d7b,Melissa Bryant,Male,21,Offline,2020-05-14
876130a9-c349-476d-941b-2a195f6624b6,Eric Wilson,Female,69,Online,2023-01-10
2643fb32-ba45-49ba-9643-a90fd54dc3f8,Dennis Lindsey,Male,30,Online,2022-03-10
5f1c73db-1778-44f5-8b0d-6f20fc68186f,Richard Simmons,Female,26,Offline,2023-04-02
d8cc0371-386c-41b4-939a-bf945acb4b0d,Kevin Hall,Male,35,Offline,2024-03-02
70f80900-a7d9-413b-a150-0e16d8a5e665,Amy Williams,Male,22,Offline,2023-04-22
38fcfa09-77da-4216-ae5c-c0062e6fac1b,Jennifer Day,Male,21,Online,2020-08-14
b68cb75b-6f10-4688-b992-2e712aa372f9,Cassandra Zimmerman,Male,66,Online,2021-03-27
6c499a3d-d1db-40f6-96dc-d45be7cf88ab,Vernon Schwartz,Male,44,Offline,2022-12-30
dccd94c4-a3fc-4b59-9a94-f4bd9918a314,Wendy Wilson,Female,31,Offline,2022-06-03
5b23856a-17e5-4f19-a7e8-18016271dd6b,Nancy Garcia,Male,28,Offline,2023-05-11
177b59b9-d23b-44b5-a78e-1ed349848eaa,Maria Williams,Male,42,Offline,2022-10-27
40c4a9f4-9169-49cd-8ce6-6398c97d2db5,Brittany French,Female,36,Offline,2021-10-22
43648b98-137e-4803-a2c2-b77d5b514855,Michael Hess,Female,27,Online,2024-03-05
bfc4fde9-8e0f-4693-a8e4-9cb877625cfc,Kelly George,Female,31,Online,2023-04-09
c304d182-c3ad-4d02-9dd2-41a1b8687584,Elizabeth Dean,Male,65,Offline,2022-05-27
a151cc11-bc43-4840-ad01-cc65dc23fe03,Bradley Davidson,Male,21,Offline,2023-08-03
5d2a26cf-12a1-45d4-8507-f5ea884ef774,Darren Wolfe,Male,21,Online,2023-07-31
403acbbb-132e-4bae-8005-c6b930132ab2,Andre Petty,Male,22,Online,2022-05-16
3ab512cb-42e8-4b81-b089-df338b9efbba,Heather Robbins,Male,43,Online,2023-02-05
b90f9717-ede1-4192-bfaf-4bfd48d69f6a,Dustin Haynes,Male,55,Online,2024-04-05
bddbff42-fd26-425c-bd06-a67e9534653b,Michael Russell,Male,44,Offline,2021-11-14
e885e0ac-b286-4b81-9f1a-75b8eab2fa85,Michael Howard,Female,31,Offline,2024-03-10
20b7129a-b275-4561-94bd-4f8e96e625e4,Sherri Compton,Male,34,Offline,2020-06-18
623a52c8-3389-48b8-9fda-c1cdd23fe57c,William Martinez,Male,60,Offline,2020-05-12
033df29a-e50a-4a4f-ad04-f734276f3d52,Mark Martinez,Female,38,Online,2022-04-27
92f78e48-a1ea-4b92-adea-e306ed46e6da,Jon Frazier,Male,47,Online,2023-01-08
a7513edd-2a63-47d2-bcaf-9651ca6a6a2d,Debra Miller,Male,52,Online,2021-08-07
42a7661c-e56b-4d72-9278-3147d6f4e8c5,Robert Morris,Female,26,Offline,2023-05-29
480dda00-ed01-45c2-b483-3b7e7d9151f9,Billy Webb,Male,33,Offline,2023-10-04
eb61b744-d17d-421e-afb9-2dcd29294298,Nichole Walker,Female,28,Offline,2023-03-06
ecc2fc57-1a8b-4c84-a441-a08244d35e06,Troy Myers,Female,57,Online,2021-06-12
a14f2e82-667f-4eb8-bfb7-d17d867e3f0c,Mrs. Ashley Rodriguez,Female,60,Online,2024-02-25
bcd61313-c6e9-4526-a87b-81ff06ff9170,Leslie Wheeler,Male,34,Online,2021-08-29
0425607c-99be-4d1d-8df5-2ec77504cf5f,Michael Larson,Male,65,Online,2022-12-28
fa35b2bc-4478-4846-8a02-8cca60067bb1,Rachel Rush,Female,36,Online,2024-02-25
819540f4-4bf1-4f42-92b4-bd1b28f5a448,Brenda Mendoza,Female,31,Offline,2023-10-21
2cdc3d50-871a-4c12-9ed3-2097eaa0e0eb,Stacey Flynn,Female,34,Online,2022-06-21
c86a5ed8-2cb0-4b27-ab18-1180ecd72059,Becky Jones,Male,58,Offline,2021-11-12
3b6933a0-b59f-40a2-819a-20a47a6124e8,Elizabeth Alvarado,Female,20,Online,2024-02-24
f09668c6-84d2-4a89-b989-fc30b7e3e179,Amy Smith,Female,67,Online,2023-05-18
e78cb679-31be-46e3-9a69-fa1e4dbda8c4,Tamara Lang,Female,28,Offline,2023-07-17
60bcc5ca-b916-4649-8518-8981ffd41d96,Trevor Nichols,Female,53,Online,2022-06-07
ee089080-0dc3-42a8-b4e2-7c3d1224fdeb,Jacqueline Wright,Male,22,Online,2022-06-22
f72f79b5-c3eb-4ffd-809e-d1e2e0b4f5d9,Wesley Stafford,Male,41,Online,2022-08-15
1bf4186c-1824-4185-8c0f-51d66591d5bd,Scott Cook,Female,26,Online,2021-07-31
04fb54ca-a678-4c63-bbf4-f095003e0127,Kim Flores,Female,41,Online,2023-05-03
353a1717-9c79-44de-8ef9-f9565bfac293,Lucas Fox,Female,31,Online,2021-06-04
db2074a9-fbee-4086-8e33-8f31d14bfa94,Christina Lynch,Male,40,Offline,2024-04-15
f10bb2db-fb4a-4d4a-bf27-46632d199726,Tamara Richards,Male,33,Online,2021-06-24
89ac2efa-0b0f-45bb-abd2-87c10d1f7bc0,Melanie Schmidt,Male,44,Online,2022-05-03
631c50ed-50e5-47a6-ab2a-183ae4736823,David Mcintosh,Male,65,Offline,2022-05-04
597f97a2-9b0d-4618-8504-6f3403fc4b09,Dr. Donald Harrison,Female,69,Online,2022-01-29
34b68374-9388-428e-97db-ca68781eb602,Mikayla Anderson,Female,28,Online,2020-05-31
5bf38aba-aeab-423b-b248-112784a9d146,Kimberly Gomez,Female,20,Offline,2023-11-04
503a8ba8-1d04-4794-960b-8c2a9a921d3a,Robert Medina,Male,30,Offline,2023-03-21
ec42e808-3b22-45db-9f7c-cfa76b480451,Kimberly Nguyen,Female,37,Online,2023-10-09
66ac8e24-ad31-449c-8aa1-83620f887c65,Andrew Davis,Male,19,Online,2021-01-15
cc93fb48-50e2-4725-b8d0-c6d5ca7fa205,Jeffery Johnson,Female,39,Offline,2024-04-27
68c606ec-94b8-4493-81cd-0b34560594e1,Kelly Martin,Male,67,Offline,2020-09-19
552e0fb1-9147-44ed-9c80-6bb928035a18,Alyssa Nguyen,Female,59,Offline,2022-02-11
6b271071-e245-4f2e-b793-7b67be5e63b4,David Clark,Female,19,Online,2021-09-07
7763e03b-fb9e-4ed6-b4f3-4d9d963f1d01,Thomas Johnson,Female,29,Offline,2023-04-20
28e5e36d-9cf9-4d1a-85e8-9e3abd20c4c0,Pamela Dawson,Male,24,Offline,2021-06-26
84a76672-ffe3-4547-8dac-c1c2beabd6ea,Adrienne Wallace,Female,64,Offline,2023-09-29
64b39aa0-cef2-4c82-9486-e982235c2b3f,Jesse Romero,Female,56,Online,2022-01-25
be50e556-bf75-4522-b02b-c2b5757944f4,Jessica Evans,Female,54,Online,2023-11-21
e7b958b6-1ef7-4b76-879a-20de4b716828,Mariah Savage,Female,20,Offline,2021-01-24
b2863351-a069-4e3a-aa71-b2ee0e3f1e78,Lauren Garcia,Male,51,Online,2021-03-24
683676db-ec88-4501-acd9-06db99bb3e21,Kimberly Bailey,Female,45,Online,2023-08-22
728deea9-927d-4a7d-9acc-21717bc2ee9d,Alexander Gonzalez,Female,57,Offline,2022-01-18
2ce20ef6-5660-422c-b8f2-d947c3c42f6e,Roger Bailey,Male,64,Offline,2023-07-09
987b5bbe-5002-42d6-b955-1d8cb977d068,Christian Perry,Female,60,Offline,2020-06-06
25eb0447-655d-46b8-b704-4b448e5856ce,Shannon Hernandez,Female,43,Offline,2024-04-26
242de072-367e-470f-a496-a1bd3cf1bfb1,Dawn Taylor,Male,30,Offline,2023-10-04
b6af7bda-759b-4ddc-86ab-1dd53415d9d4,Nicole Burns,Female,61,Online,2023-01-27
11cfc481-b0f9-41a3-abc2-c053e555d570,Jonathan Richardson,Female,43,Online,2021-04-30
9dc629d7-1471-4fc7-9586-ed99337e0a3b,Andrea Arellano,Female,36,Online,2023-03-10
2bacff2e-af0d-412b-956d-f3d371fec230,Rebecca Thompson,Female,68,Offline,2024-03-08
68fd96bc-e7d9-4bc4-8f3a-dce061cc8966,Desiree Howard,Female,46,Offline,2021-07-23
6cdc58c1-c41a-4169-863c-c8d7b3644194,Julian Boone,Male,50,Offline,2023-02-22
509df714-abd8-48dd-8052-11188ba28735,Angela Willis,Male,60,Online,2020-07-01
7dead344-5543-45c0-8b4e-3662fbc4d05b,Crystal Palmer,Female,50,Offline,2022-11-05
6c1808a7-a0ec-4691-b7d7-fbe85c8b398b,Kelly Wright,Male,70,Online,2020-07-11
da58aa31-00d8-4517-bc85-67549060f7cb,Rachel Martin,Female,32,Online,2023-05-11
a095843a-794f-4861-b383-51a6328be58e,Christina Brown,Male,19,Online,2024-01-17
a978d9b0-c346-4a4a-a4d8-c5a04e123a0f,Brandon Moss,Male,48,Online,2023-01-25
d6bdb8b7-a499-4716-916f-4785535d46fd,Ian Bryant,Female,44,Online,2021-07-22
fa1c4658-12a0-4e15-bcca-f6a5272fb02e,Sarah Hull,Female,49,Offline,2021-03-16
4abd4d9a-e8a6-45c8-b1c9-5b3edbfb03cf,Joshua Carpenter,Male,27,Online,2020-08-30
43de9089-39b6-4677-9136-6ebcf1ba38bd,Kevin Porter,Male,67,Offline,2023-03-07
cef9078d-72a7-4c30-bb7a-934814a7d4cd,Richard Warren,Male,29,Offline,2022-07-23
b48c3a7c-0cc1-40af-8182-1e9102bf749b,Robert Porter,Male,53,Online,2024-01-08
def3319c-1552-4570-b371-17aae20e8356,Olivia Griffin,Male,47,Online,2020-10-06
3c51965c-50b2-40de-8ec8-6dfce279c61a,Ryan Greer,Female,60,Offline,2023-10-12
99ed472b-197b-415c-8609-82810d3309a7,Veronica Montgomery,Female,57,Offline,2022-02-11
a50ac21e-1ac4-4c86-92ab-412074cc4a74,Chelsea Hart,Female,28,Offline,2022-05-16
cd7601b3-85c7-4ebd-ab3d-610c18b1fbac,Sarah Osborne,Female,34,Online,2021-06-30
0d25f927-4736-4f40-9e9e-a50635ea35ae,Todd Johnson,Female,67,Offline,2020-05-13
2dfd2e47-3423-4799-8c27-d1a45637c5b9,Chad Sanchez,Male,35,Offline,2021-02-09
a9e52037-bcfb-4860-90b5-f9020d55de60,Rebecca Ewing,Male,63,Offline,2021-03-09
527a4c87-772b-42e5-a9ee-567ed9d20480,Jennifer Smith,Male,35,Offline,2021-04-11
e747a504-ed23-47b6-afba-d3df5db03630,Ashley Dorsey,Female,52,Online,2024-03-07
a4d66448-b1c6-49b1-bf90-abf666ce981a,Tristan Campos,Male,27,Online,2023-07-26
363a946a-d48f-404e-80cc-a10f8b262778,Taylor Peters,Female,62,Online,2020-06-15
09c604ad-b895-4ea7-83ab-5047c76db24b,Mr. David Ortega,Male,22,Offline,2020-11-04
cb2df53c-281d-494e-965c-f77fe4af6b90,Kimberly Dominguez,Female,39,Offline,2023-11-05
db65401f-87c8-432e-80d3-074661da46fa,Brenda Davis,Female,21,Online,2023-10-01
c0ccfe67-60e9-4651-9012-456663bfbf1f,Barbara Bailey,Female,42,Online,2021-02-05
9b66c66b-3951-49f7-9ec2-2a7fc0c9ba4b,Tracy Middleton,Female,48,Online,2023-10-17
f6e92041-823f-40b1-84f1-d2e70c9c1f6b,Shawna Gibson,Female,37,Offline,2023-11-18
676cf152-ec5f-4782-acec-a04109480e23,Michael Smith,Female,52,Online,2022-06-22
37d32e24-b1ac-4c85-bc5a-08e529923db9,Andrea Kline,Female,32,Offline,2023-04-17
e22ac3f2-c2f2-45d8-a700-18e35c742709,Eric Wu,Female,49,Online,2022-09-25
5f0725ef-173a-4b3e-b816-825d1786c280,Michael Nelson,Female,39,Offline,2023-01-12
41d1ce39-691a-444f-895e-d80453475e27,Alexander Ramirez,Male,47,Online,2021-07-28
0ec84e97-87a7-4dca-975f-25e84b762217,Daniel Holloway,Male,43,Online,2024-01-08
0c51287b-2426-436a-9184-c8e2b07aa3ff,Dylan Parker,Male,59,Offline,2022-05-12
831e81b9-9e28-40be-9f4d-85231108a1d2,Anne Ruiz,Male,47,Online,2020-10-21
4604bbd6-23c9-4b3a-a88a-3d216f2df529,Brittany Rodriguez,Male,34,Offline,2021-01-02
8b648073-ee6d-4127-8da9-94b0b58f0682,Deborah Haynes,Female,31,Offline,2022-08-09
b13c83b5-a2cc-4a51-bcce-883251b38b52,Kendra Moon,Female,39,Offline,2022-04-25
3ebbd18d-1e5b-4ff2-ab7b-9fa601e0b480,Angela Hicks,Female,66,Offline,2023-02-15
57aca210-885e-4542-8b46-4ff689bac8ed,Michele Barnes,Female,23,Offline,2022-07-15
1b426270-aade-4433-9994-180bc4c63474,Alexander Howard,Male,65,Online,2023-11-11
f0fd1025-746e-4d26-8d63-5e468ca9cf55,Terry Nash,Female,32,Online,2020-11-25
3391a07e-4128-4d45-80b8-6f32e1e397f6,Sara Webster,Male,66,Online,2023-07-13
4817e205-19bd-49f3-8c2e-a4546c5e1844,Jennifer Boyd,Male,30,Online,2022-10-06
79c263aa-4cb6-4f6d-9fe3-3b58c9e1d34e,Michael Evans,Male,33,Online,2024-02-08
e7afa1ef-5b61-4333-967d-8a8cf67e35de,Patrick Jones,Female,60,Online,2022-04-24
8c357757-cab3-454e-b0c3-d291d823a6d0,Jason Jackson,Male,47,Offline,2023-03-06
d759b3e5-e15c-4d0a-b4ae-cd384e6ef2e9,Dr. Debra Mcdonald,Female,28,Online,2022-12-24
9b64a956-51fa-479b-8797-d9d039229c22,Patricia Carter,Male,37,Online,2022-08-30
0439b50f-e3a0-455d-bb99-e4ed685e71aa,Gregory Leon,Male,37,Offline,2023-02-04
426aa43d-ae70-4af9-a653-85f76d0134f5,Joseph Sullivan,Female,63,Online,2021-08-17
f7271278-858a-4be4-b555-ce0e6b5063c6,Kelly Pearson,Male,55,Online,2023-04-05
56dcaf16-dc4d-4420-9b98-1e380b72faff,Adam Monroe,Male,62,Offline,2023-05-01
65bf935c-dba2-4b14-badf-df4b001c6cc7,Sean Faulkner,Male,68,Online,2022-07-03
e4152f17-1c0a-42ed-b675-fd926340533a,William Smith,Female,52,Offline,2024-04-12
26f8de7f-bc50-4ebc-99ef-faba6e94567a,Blake Patterson,Female,22,Offline,2022-04-06
05abbde4-719b-4c1a-b600-babae0bf3ce0,Sarah Dennis,Male,44,Offline,2023-03-26
f3c5ee43-39be-4727-9d4a-4c623ff6fbe7,Mark Bailey MD,Male,45,Offline,2023-09-28
d9e8a52e-3bc5-4349-bc7f-fe55403f28b0,Craig Reid,Female,63,Online,2022-08-23
5d709ed4-dd45-4c62-828e-30f3a634c424,Frank Robertson,Female,29,Offline,2020-06-15
0f0e3ee5-7e35-46f0-bbe1-8b8e427fe8a8,Sara Smith,Female,47,Offline,2021-11-23
1b5895da-671e-440c-b79f-332831869e9a,Lisa Russell,Female,38,Online,2022-07-02
3a1b2037-e650-417e-bd86-518bfd56461c,William Ferguson,Male,35,Offline,2024-04-17
5d535a2c-357a-4b37-855f-7b12ca4dcc06,Kaitlyn Brown,Male,66,Offline,2021-05-30
38acb83a-e346-44f4-a23a-c66d46ab0ea6,Reginald Morgan,Female,39,Online,2024-02-08
f7e858b9-73b2-448f-a338-bfb784c3d7ac,Mrs. Lindsay Rodriguez,Female,38,Online,2020-07-30
cb7bcd85-7cf9-4601-8d7f-725462157b04,Emily Cummings,Female,31,Offline,2024-02-11
94aad965-9cc1-4731-a895-feaba65a806c,Crystal Miller,Female,39,Offline,2022-12-10
a1631956-6252-4558-a147-bdb807406510,Vanessa Roberson,Female,53,Online,2020-05-29
ae42df23-7cfd-4f36-b8ff-51df55b1bdae,Scott Gallagher,Male,23,Online,2023-01-31
0f8d53d6-289d-427d-9c90-cf15b59341b4,Samuel Martinez,Female,49,Online,2022-12-12
264c4f4f-9904-4c2c-bee9-b266f63c98b6,Emma Estrada,Female,59,Offline,2022-08-25
7164eee8-52fa-472c-97b1-7a3a0eda9b09,Marissa Murillo,Female,68,Online,2021-03-29
38ca6f40-30e4-48d7-9714-01131f289ca1,Beverly Peterson,Male,36,Online,2020-05-14
47cc28ff-98ed-4c5b-90bc-70582c70fb13,Jeffery Williams,Female,62,Online,2021-12-21
1e70a5fa-454f-49a0-a669-4492b90bc6a9,Manuel David,Female,60,Offline,2023-04-30
38ddc75f-07bc-47c2-b2c3-bf881db6cccb,Stephanie Walker,Female,53,Offline,2020-05-21
7c4c8762-a8d8-4558-b502-1a42b5bf69ac,Andrew Ramirez,Female,65,Offline,2024-01-25
180a43d2-13ed-4d50-9087-0a485f3be14b,Adam Humphrey,Female,62,Offline,2022-01-27
4589010d-9188-41f6-b3a5-46dda7e8ef54,Jennifer Jimenez,Female,37,Offline,2020-09-09
bfa1380c-f3f7-4d2f-894d-397d7a6ca493,Eric Newman,Male,25,Online,2023-03-12
c0095719-171a-4486-b887-1e5406b251e0,Thomas Young,Female,25,Online,2024-04-06
29083d3a-4b75-405d-9b3a-99177217720e,Robert Callahan,Male,31,Offline,2022-11-16
2e990a60-453c-40be-b58f-48c1187ea640,Hannah Fox,Female,64,Offline,2023-05-07
62082e63-ccf1-44e2-84e9-c5ad28cd0c37,Carla Clements,Male,30,Offline,2022-11-15
79584497-8367-425f-a283-11a25b4ef826,Kristen Roach,Male,41,Online,2022-11-26
192757b3-4463-48d4-88ec-6fc473ec43cf,James Smith,Female,18,Online,2020-10-11
127a5b75-08d3-4db0-a1ab-2e791b647cf5,Anthony Benitez,Female,20,Online,2022-08-24
f1bee92b-49c8-4115-8841-b8ed5d1ec48b,David Green,Female,62,Online,2021-01-13
8293a065-ae17-4e1f-bd8e-62e7527ba8be,Steven Russo,Female,24,Online,2022-01-14
8fb0ff1b-277e-455c-a70b-45011a3c7d32,Kelly Hughes,Female,48,Offline,2021-09-11
efdc9ce3-3dcc-4a0a-8b29-52f26f7ad7b6,Billy Brown,Female,39,Online,2022-04-07
b1cbd043-22a9-4c48-8754-9c27799ee3a1,Debra Spencer,Male,34,Offline,2023-10-24
eaaec5e4-bb0c-4e49-9def-9f669a4b201e,Ashley Williams,Male,70,Online,2021-01-23
51920e5a-f3e9-4630-b8e8-4c0663613443,Brandon Wallace,Female,49,Online,2022-06-25
e43c5189-5ffd-41f4-b5fc-1fbc1616f747,Vanessa Phillips,Male,27,Online,2021-04-27
e5a0491f-0655-4047-9c3e-c93fc13c9383,Patrick Whitaker,Female,23,Online,2020-05-18
a05c0cc5-e1a8-4ec0-bc39-c6861fca63f6,Lisa Butler,Male,53,Offline,2020-05-29
85c7da8b-adab-42f0-80e3-965d127016fc,John Bailey,Male,67,Offline,2022-12-09
1b9635b4-0ed8-43e2-b2ee-b2fbca7fb755,John Baker,Female,46,Offline,2021-01-14
02e8a52a-661a-462e-891b-6353dbc1a955,Jamie Brown,Female,37,Online,2021-03-04
7ba8cad1-6768-4379-ba1a-420058af364d,Belinda Padilla,Male,66,Online,2022-05-22
d58c80b3-f627-49c3-8b14-9acb5234bc3a,Tammie Hebert,Male,34,Online,2022-10-19
78147d4c-3895-4408-b9bc-af2777b04656,Thomas Little,Male,33,Online,2022-02-09
6c05cbad-ca4a-4f81-b288-d0a4faf1c869,Melanie Romero MD,Male,28,Online,2023-08-26
aeba15a8-d1ce-48f6-8d18-b3a9ac1fa60b,Ashley Washington,Female,46,Offline,2023-12-02
3156ca1f-25a9-4164-8157-f570e4289ad1,Amanda Hale,Female,20,Online,2022-04-20
54d9760d-e478-4674-9102-925568877c92,Christopher Rose,Female,63,Offline,2023-06-24
a5a0aae3-2ed5-4698-815f-06d9980a7ad6,Michael Washington,Female,22,Online,2021-09-10
cc332808-4379-478f-9473-b9ad6f1cbf44,Jeffery Newman,Female,68,Online,2023-11-16
ae33f0a5-17a8-4d16-b4f6-d840894517fc,Julia Miles,Female,25,Online,2021-02-15
71abac42-c22a-4f1d-9739-173475145309,Christina Harrison,Male,35,Online,2021-07-18
eedced33-dcea-447f-bbf7-838185623f0b,Michael Jones,Male,21,Online,2024-04-22
a8f193c8-fac8-48ee-b315-6a0c854d000a,Erin Cunningham,Female,56,Offline,2020-06-22
92b9173f-0837-4fac-b4e0-a3914b29398a,Michael Davis,Female,25,Offline,2023-10-16
1c6aaa78-d66d-42ec-946b-ec0d68049952,Stephen Moore,Female,62,Offline,2023-08-08
9d96bb64-9365-4866-ad6c-672f6e4d73c3,Stephanie Shaw,Female,50,Offline,2021-09-20
3cd6991b-b4e9-468b-af4b-bcb1571e96fe,Scott Bush,Female,23,Online,2020-08-23
2b34745b-816a-4445-ba34-b0be265a64e3,Bill Perry,Female,65,Offline,2021-11-28
3cac812a-f3e1-440d-8a14-ba5f9c5ecd60,William Bishop DVM,Female,19,Online,2023-12-26
7b9c25de-1abc-438c-8f25-020f46221b7c,Dr. Marcus Barrera,Male,61,Online,2022-08-31
ecb93cc3-1f72-4f11-906a-fe06f0440f35,Kathy Riley,Female,54,Online,2023-08-30
129c7f7d-1824-4e0c-a239-ddb3af6f9519,Brian Barrera,Male,48,Offline,2022-06-24
17f8ef0e-2753-4744-92ac-d3a6dfabaa0e,Daniel Miller,Female,29,Offline,2024-04-24
b2ab3802-67bb-4915-9a4d-9873cbd23ca4,Cynthia Nelson,Female,23,Offline,2021-07-27
9b781225-6763-4ad7-9849-d659a1d05a42,Mark Collins,Female,44,Offline,2023-06-28
31a5a8aa-b4fd-4ce2-841c-0ee3566857c1,Kevin Taylor,Female,60,Online,2022-05-24
8b0bb68e-7d96-4a1c-90c2-509faed0b9d0,Jacob Thomas,Male,39,Offline,2021-12-11
7ba6222e-e534-4cbf-a2bd-779f2a958a36,Maria Thompson,Female,36,Offline,2023-10-12
e065b719-4553-442d-a5b5-092c07e7d255,Anna Mitchell,Male,47,Online,2023-01-20
a3288113-d3d2-4aca-ac9b-aa1d219fa2af,Andrew Moore,Female,34,Offline,2022-05-20
67aa134d-0ee6-474b-a920-65a4ddf50d7a,Joseph Martin,Male,67,Offline,2021-12-27
4a7317a2-fe06-4227-bc09-f0b57ed96483,Robin Peterson,Male,60,Offline,2022-12-24
75afdef7-c0c9-45fe-b807-67523f78444c,Sharon Reyes,Female,21,Online,2023-02-20
ca36f413-6333-46c3-9856-8b43a74f2c9d,Charles Castillo,Female,57,Offline,2020-07-12
643619cd-1c47-4053-a055-62851f4090b4,Marcus Lindsey,Female,66,Online,2020-09-22
484c5050-f08f-4611-8bc4-7058d4187c39,Lori Hanson,Male,35,Online,2020-10-17
112a7058-71d2-477e-a2a4-a824912d874b,Brian Davis,Female,46,Offline,2021-06-10
64d2ae94-0040-4045-9651-e1ba57014180,Elizabeth Martinez,Male,19,Online,2023-09-30
802c5c6a-bbe6-4646-bc30-4765ffba879b,Julie Johnson,Male,37,Online,2023-01-14
aaf53c08-96d8-4378-87da-2acde51250a6,Anna Diaz,Female,23,Online,2023-09-05
acf1c47e-7fc3-4d9a-87a8-c53bcec85ea0,Charles Thornton,Male,47,Online,2022-04-16
a8f0ef1a-475b-44a8-aaa4-28263642cf71,Jason Chase,Male,49,Offline,2023-09-02
86b543a9-2ec1-4233-86e9-e934fb765d3e,Hannah Hale,Female,44,Offline,2021-07-31
3892ace7-4d31-4ba2-9a3f-f52643298e53,Larry Patrick,Female,33,Offline,2021-05-23
fb79e6cf-e4de-4378-a99f-d21f72e4d2db,Brandon Hayes,Male,42,Online,2022-05-24
fa3e3a8a-395a-4a55-accd-2b4747366188,Kimberly Martinez,Male,22,Offline,2023-02-18
b472a641-f9d5-4373-905e-c2df985e729b,Brenda Oneal,Female,39,Offline,2021-06-12
8ab7db27-7bbd-43cb-984f-8431e2498106,Steven Sanchez,Male,36,Offline,2021-12-22
34fdf80b-368e-48b4-aca5-f0318b064604,Nicholas Kirk,Female,27,Offline,2023-11-10
574d2161-1d2d-41b7-8388-a81391b6a75c,David Cruz MD,Female,40,Offline,2021-03-12
58916d52-8b86-4f1f-95da-f4cb09bd94dc,Jessica Wright,Female,47,Offline,2022-05-03
f45a7eae-65d8-4be2-9cfa-18426df3e889,Kimberly Bell,Male,62,Online,2023-03-30
eca124ef-b8c2-4f0d-b51c-7cb532725f6a,Linda Lyons,Female,32,Offline,2022-10-27
4652eb31-5b76-4085-ab87-f211c3638717,Robert Valdez,Male,38,Offline,2021-12-09
f7b2a385-55c6-4c37-bb74-c15674f18283,Nichole Lynch,Female,42,Online,2020-10-12
6cd90a8f-ad43-47d1-b438-3a7abfb9db70,Dr. Stephanie Jones,Female,20,Online,2021-07-14
589073f6-69f6-493f-bab9-7a66ca872afc,Joseph Torres,Female,24,Offline,2021-10-03
7b253524-222e-48c8-b41f-77c1eeb4b1d8,Dr. Samuel Martin,Male,51,Offline,2023-07-02
da55cacb-6e5a-4a14-9ae6-08aa272c5bef,Lindsay York,Male,64,Online,2021-04-16
3877f294-0624-4b24-9c50-0d952c4b3624,Rick Jones,Female,59,Online,2021-01-13
8dde053b-93b2-43dc-890a-20a72cc3f36e,Joseph Rivas,Male,48,Offline,2020-12-16
b411e648-c51f-4a37-abd0-e480a49d6fd4,Matthew Warren,Female,57,Offline,2022-10-06
5895bbfc-a899-408d-aaa6-635141a22378,Steven White,Male,39,Offline,2022-06-26
966645ab-6590-40b6-85d3-1f24fdc0d2ba,Jacqueline Williams,Female,58,Offline,2023-02-22
69fc46dc-8dd5-4538-9c17-6b0545d1359f,Laura Espinoza,Male,57,Online,2021-07-16
93b0a421-fd5f-4bc0-869f-aa189dff41e4,Amy Fisher,Male,58,Offline,2024-04-07
f37c14bc-b099-4f55-8d10-576e8fc4df70,Lawrence Atkins,Male,65,Online,2022-04-22
c527a4ed-2677-47c2-aff2-4c08db851773,Timothy Hawkins,Female,24,Online,2022-08-20
126d88a5-42b5-41e3-a85f-dbe555e1a2c8,Theodore Soto,Female,28,Offline,2021-10-27
49df561a-bf34-491c-9985-9a8c0c29eb87,Mary Carter,Male,20,Offline,2021-04-05
e31f84c4-b6cd-4452-8a2e-63db5e2461b5,James Diaz,Male,36,Offline,2022-09-13
58f48420-2f05-4dda-848c-16568b5e2fab,Hannah Shannon,Female,45,Online,2023-02-15
136cb431-a93a-4304-8bd8-99bd300b4fa3,Shane Roth,Male,51,Offline,2020-11-25
a171c629-4132-47ba-ba05-ae27a92726e1,Roger Monroe,Male,28,Online,2023-09-20
3b723c1a-cf5b-473d-8a03-141d0faf8da8,Steven Gilmore,Male,57,Offline,2023-01-25
f047f599-f1e0-43b3-960a-0a7a3720990c,Valerie Avila,Male,49,Online,2023-01-13
836c76ec-5c61-4a3a-ad9d-e571f882a0cc,Tonya Miller,Male,47,Offline,2024-03-28
ba4c1891-bfe3-4c93-a6aa-8ddb43f314d0,Rebecca Goodwin,Female,34,Online,2022-09-14
67805b4f-fe90-4f38-a9b5-b4cb3ccaa834,Clifford Solomon,Female,36,Online,2022-10-17
fe7c1d44-f8c4-49e2-b208-a7dd515f4bff,Lauren Davis,Male,46,Offline,2021-01-16
dee9ac74-2eef-4c0b-bff7-dda9b2bb7aff,Brittney Gomez,Female,58,Offline,2021-12-15
b3f2f9e3-ebd7-428f-b03e-5f8c793a15de,Steven Gardner,Female,47,Offline,2023-12-30
9443f1f7-7a2c-4800-a4ee-5999765df816,Mary Hill,Male,42,Offline,2021-03-27
5cc43aa4-7c4c-4dbb-815a-1444e92f0bbb,Russell Ball,Male,33,Offline,2024-02-24
a3eb6ba6-b1ea-420c-8d60-485a4d068137,Jessica Rocha,Female,54,Offline,2022-11-11
fa9e257f-b985-4a0c-8829-50d66453e74a,Melissa Jones,Female,19,Offline,2021-07-19
2ed22381-7233-4720-99b4-8edb1226ac56,Jennifer Green,Female,18,Online,2021-11-07
926828ed-dc53-4e62-9b0b-278c5818ecaf,Eric Reyes,Female,36,Online,2024-01-23
a249a0d5-e96b-4da0-ad82-958ff5285ccb,Brian Carroll,Female,32,Online,2023-09-04
ef464ae2-7d23-460f-96cf-44a48cf9bb58,Steven Brock,Female,61,Online,2021-02-25
5f79be77-224c-4d80-a6e1-8899e6fc487a,Michael Williams,Male,58,Online,2022-11-09
4782b8db-24f8-4c7f-b184-43d725058fa5,Ryan Miller,Female,68,Offline,2022-07-18
0bbdaccc-8184-4a47-bd70-61e3ffc45fb6,Sophia Price,Male,55,Offline,2020-06-12
44bc646c-7885-4d00-a810-5072bfbcaed3,Matthew Maddox,Male,23,Offline,2022-07-15
2a115992-ad6b-4b79-a7ca-993de459ab11,Stacey Burns,Female,65,Offline,2021-10-27
8e2a4e2d-3ea6-4d1d-bbf1-513b4f0de71a,James Patterson,Male,30,Online,2020-11-01
ac70c493-879a-471f-a6cb-bfce67f9752a,Anthony Hardin,Female,51,Offline,2023-01-09
fec3d9a4-9e44-4c9b-91be-f78e35e73e3f,Diana Long,Male,34,Offline,2021-09-09
25b0f5b6-a6e0-4e69-be80-a87cc53d840b,Shari Brown,Female,65,Offline,2021-10-19
00f906de-f6ff-4a15-a18f-1d52ce949bd2,Johnny Warner,Male,47,Online,2021-07-30
51ef0616-569a-4bae-8dd1-99b7b0b23aa8,Pamela Alvarez,Male,66,Online,2021-01-12
b51e61da-867d-44ba-920c-20a1e8830303,Frederick Compton,Female,69,Offline,2021-06-09
3bee9cbb-f3e6-4a3b-bc70-48db8eadef0c,Patricia Garcia,Male,68,Offline,2022-05-29
a897cc98-89bc-4b95-b3ad-d5a53e0330d6,Karen Moore,Male,34,Online,2023-10-02
48fc320d-638a-42af-9acc-9b4089ff951e,Bryan Edwards,Female,41,Offline,2021-02-14
6458908e-3fc6-4b73-8c64-55abceb4a659,Lisa Waller,Female,70,Offline,2023-02-15
d7364ab7-0843-40e9-aae5-5c01c6382609,Joseph Hughes,Male,61,Online,2022-02-10
7719322f-65d6-43bd-a442-bc663358d2a0,Heather Jackson,Female,19,Offline,2023-11-03
eb0a7807-932a-4af3-bd48-ba382274daaa,Gina Richard,Male,59,Online,2021-07-31
bec6486b-1609-4cf8-ac53-244896c7ad6f,Dalton Ward,Female,62,Offline,2023-01-10
8535c812-ebd7-4861-ab1d-37c758beaf19,Diana Weaver,Female,25,Online,2023-02-28
777e6ae8-4c1c-4320-b31a-1fbf7e7a6421,David Walls,Male,20,Offline,2023-01-05
1a7bfa9f-2a45-48bd-8de0-7fc13c344d49,Chelsey Jones,Female,25,Online,2022-03-13
efd2582f-72b5-4e54-9fd5-6b27551dc7b2,Curtis Dudley,Male,52,Online,2022-07-13
6275100f-eff9-41bc-821f-42ef0b0c05f8,Tammy Jones,Female,47,Offline,2023-02-28
6e3ae1c2-1000-425f-983c-089f7da4323d,Kyle Keith,Female,55,Online,2024-02-24
fda99ef2-1c4f-4796-84b7-c841b9b8bec6,Yvonne Schmitt,Female,59,Online,2021-02-03
0400e986-7569-40a6-a91d-7754389ff4ad,Jennifer Garcia,Female,57,Offline,2021-03-19
e772a4ad-1782-4ab8-a260-8702985f09b3,Stephanie Green,Female,20,Offline,2021-12-25
72317bc2-7c72-4bea-baf9-9f102285dc98,Aaron Gutierrez,Male,46,Offline,2020-11-24
b3d3c34e-6b4f-4dd1-9356-40d7f3ef8ca0,Cheryl Pennington,Male,41,Online,2022-03-16
d4732459-9788-4cd4-ab48-eb385b2e7373,Mary Ortiz,Female,52,Offline,2020-08-18
83624443-51e2-4c04-b4d0-407ead2eaead,Sharon Ross,Male,43,Offline,2022-08-24
03767e36-b0bb-4052-98fb-0ef7c7081f82,Alexandra Powell,Male,25,Offline,2021-02-07
1e118bba-abb6-4380-b10e-01ad0b65bc47,Michael Love,Male,60,Online,2021-03-03
c3b463e8-783e-4e46-ae90-f26f38294c28,Troy Walker,Male,21,Offline,2023-10-05
0b85cec2-e859-4d1c-a714-34f11ee634c1,Brenda Howard,Male,26,Online,2021-10-17
9903fcda-9c3c-4447-83b8-e9f266fbff28,Rachel Cantu,Male,66,Online,2022-05-19
01ab7194-7e3d-4e8e-8b53-b5bfbe752f03,Allison Williams,Male,70,Online,2020-09-29
f9c4d662-3bc4-4966-85d6-c29400639629,Kelly Ramos,Female,67,Online,2024-04-13
32b66d7d-47c7-4e51-9afe-969f7393f94e,David Newman,Male,35,Online,2021-07-19
f52a6216-5bbe-4a0a-95ec-4d37f89b42f0,Christopher Anderson,Male,52,Offline,2022-05-12
16eafa5b-126a-4e6f-9c66-c238ff045a70,Victoria Sherman,Male,25,Online,2021-06-24
65e0fe5c-5a69-4147-9dcc-bd8c1df81417,George Morales,Male,18,Offline,2022-10-13
cf547360-0255-4c23-b356-590f51ab2a2b,Tracy Rodriguez,Male,55,Offline,2022-11-09
5ee6308e-b9e4-4c6b-a051-e9c50a49283e,Jon Mercer,Male,29,Offline,2020-05-07
23aea1a0-46ff-48de-a863-e55fa0ff082d,Brenda Wheeler,Male,26,Offline,2023-07-25
fb8de471-e583-4dfd-b7e6-fc9e75cec3ce,Sergio Morgan,Male,65,Online,2021-09-20
ed7f8adc-0650-4ac9-abc0-92d06274d0e8,Bradley Hanson,Female,46,Offline,2024-02-15
34f3e5f3-db27-47c1-b4a1-53113512b861,Lisa Edwards,Male,46,Online,2020-10-29
20c6da4e-20b3-49c3-92f9-baf59fdd75e3,Daniel Krause,Male,64,Offline,2023-08-26
722955b4-9f05-4703-9a90-8bbbde72af9d,Anna Moreno,Female,59,Online,2020-11-07
3146892b-c0c0-424f-8cd9-29035bb39ef5,Stacy Vasquez,Male,48,Offline,2020-08-21
0d6efbfc-112e-4028-8dda-90fb6ba3455d,Mr. James Cantu,Female,61,Online,2022-01-06
372e956d-3bc4-47e7-9fd7-229f8e188f52,Sheila Rogers,Female,63,Offline,2021-02-23
edf3a1f6-9743-4ee2-9a79-f05766044a8a,Bradley Bradley,Male,23,Offline,2021-01-21
9a04897a-5ba3-476f-a336-84a0f8560884,Terry Hardy,Male,22,Online,2020-07-27
e37d0728-9a23-404d-a383-840c95d2fed0,Jose Bennett,Female,57,Offline,2022-03-22
b5307089-758d-400a-9a2e-8b52d3afeaff,Michelle Spears,Female,56,Offline,2021-02-28
a3f0f5a0-c66f-46a3-800f-d6efbdf56dee,Shelby Faulkner,Female,50,Offline,2021-11-26
2a11a2cd-5232-4611-bdcc-a8fd63b40d5c,Miguel Herrera,Male,68,Online,2020-08-18
c745434a-bdb0-45d9-8b17-e25fdaa67238,Jessica Clark,Male,45,Offline,2024-03-04
9a49f324-3fea-4a5e-95e3-678e178e52b1,Curtis Murray,Male,44,Offline,2021-08-03
3f846198-f2ff-4261-9231-4d12eef38d4e,Danielle Phillips,Female,43,Offline,2022-08-12
574e7407-f4c4-438a-a38d-f868a02e8355,Thomas Thomas,Male,38,Offline,2021-04-18
37f480ab-f736-4482-9511-8ba7ff706889,Scott Mckinney,Female,60,Offline,2022-08-13
a9da0713-4906-45b1-b2aa-6d1d3e281cc8,Erica Thompson,Female,27,Offline,2021-04-20
615a2808-466d-4d2e-9388-24f801d24472,Kimberly Watkins,Male,23,Online,2022-04-28
8e6d6c88-7779-4e50-827d-38df12295a31,Mark Mills,Male,45,Online,2024-01-20
54ae4c01-3252-499f-8903-b919d1f7fcff,Tina Schaefer,Female,69,Online,2020-12-10
e62b1556-f882-44cf-bb11-c44cc9154b59,Brooke Miller,Male,55,Offline,2020-12-15
e398760c-2aa4-4683-8e1b-6287dcc9f525,Dominique Juarez,Male,44,Offline,2024-01-09
93ecbc99-eab6-4a1c-94ed-91e0fc9b46ee,Ashlee Brown,Female,64,Online,2023-11-23
fe347034-6b27-4a8d-8195-b05c4dad605a,Joseph Taylor,Female,56,Offline,2023-11-27
435ee189-eb7c-40f7-9ee2-5b122471e4dc,Shannon Weaver,Female,24,Online,2023-08-05
2ab55ba8-ba21-43e8-8cb3-963199b40a64,Lisa Duffy,Male,60,Offline,2022-02-06
7f2bb616-db83-4c86-bc1a-a65fea50f3f8,Oscar Peters,Male,24,Offline,2020-12-21
341156c2-fe79-4671-9aa5-591e47172573,Kimberly Flores,Female,25,Offline,2020-05-25
81190c0a-ed19-42ac-9094-acf33950893d,Jose Garza,Male,69,Offline,2020-12-15
a9914677-791a-46df-972a-fefd3687cfec,Alyssa Young,Male,56,Offline,2020-12-02
bbe321df-8c30-44bf-b159-deecb98f0948,Sean Taylor,Male,29,Offline,2021-05-16
33821cb6-031f-494b-9e62-81d019aab6bb,Jennifer Weiss,Female,39,Offline,2022-09-27
4db09453-f5dd-4cde-9119-c8964d8904e8,Alec Grant,Male,29,Online,2023-10-12
ed350c73-c5fe-471a-b884-fb1db72d04a2,Justin Davis,Female,22,Online,2024-04-24
c94a6eeb-fb03-4e10-b54f-4dabf1cb6155,Cory Johnson,Male,23,Online,2023-09-24
4cf0751c-e41f-493b-9238-bbb6e2e36eba,Donna Griffin,Female,44,Offline,2021-10-22
cbb2ba49-611f-4286-85d5-eb7266703750,Lori Johnson,Female,28,Offline,2023-11-29
b5e9fce1-a1cc-4619-b470-7e96aa398f45,Ronald Ward,Female,64,Offline,2021-01-29
1ba0a012-805d-4a21-ab07-84dd1eab7222,Anthony Brown,Male,21,Online,2024-04-12
6c4cd401-6246-4a30-91ba-89e3735e3f92,Adam Peterson,Male,66,Online,2021-05-28
8466627f-9a0c-4068-937a-b53cd1bc4558,Elizabeth Perez,Male,35,Offline,2024-03-16
d9394cf7-e91c-4f1f-a536-9de1d8fe3764,Michael Garner,Female,49,Offline,2020-07-02
ddc0967f-7995-4411-9545-215241fd11e7,Amanda Jones,Female,35,Online,2021-09-03
b317d20c-cee2-4443-a572-3eb76077fb50,Amy Kim,Male,40,Offline,2022-02-11
736a9f85-114a-41e2-b87a-57b5b4548fb8,David Edwards,Male,36,Offline,2024-02-01
45f843fe-4eb8-4f79-83e6-6d149e446113,Justin Sullivan,Female,20,Online,2022-07-23
786aaf30-ddd3-49ea-810a-122092a5934d,Brittany Church,Female,56,Online,2023-06-04
c80c61f3-6f58-462e-8caa-23d4423ac603,Steven Guzman,Male,31,Offline,2023-05-14
7e8adba2-5982-4640-b568-1aab2507d613,Krystal Zimmerman,Male,67,Online,2021-07-02
3a002b16-d455-4668-9489-5bad4ad139c7,Michael Brown,Female,36,Offline,2021-02-27
55f91eb3-60d1-45cd-9c1b-8f867f82c4e0,Mark Smith,Male,18,Offline,2021-03-16
27ba4ae7-10f4-44d5-bb0d-1c0a9fb33e9b,Ruben Simmons,Female,29,Online,2023-04-04
c26dea78-2512-42e9-97cf-15b4a602b843,Robert Gonzalez,Female,52,Online,2021-05-22
eaa11e2d-7cea-464d-bdec-42bb40934c8a,Angela Mitchell,Female,22,Offline,2020-07-03
51822b42-ca8f-44e9-bfb3-425b0ce05774,Brian Brown,Male,45,Online,2021-09-14
b66a3d96-cc33-4ec5-b0bc-7fab19b199f8,Jimmy Harrison,Female,22,Offline,2023-03-13
ab4ef9b6-3ca5-4b61-8049-2773f7cc6105,Charles Sandoval,Female,54,Offline,2021-01-30
959baed3-511c-4a31-ba12-8dab6fbc839e,Melinda Mack,Female,36,Online,2020-08-01
6787511f-aa97-4bc3-ab4e-09716d92e19f,Scott Reed,Female,19,Offline,2022-02-01
cee41e40-11b7-4530-9fac-1322b6205b1c,Mary Price,Male,69,Offline,2023-03-15
d172b004-120d-44d1-a8f0-09902b384987,Thomas Gomez,Female,23,Offline,2023-08-12
6f686032-6007-42a0-9699-85078b5439e9,Raymond Hood,Male,33,Offline,2022-06-19
fd4f7fad-2625-4324-b87e-8dea3fcd025f,Kenneth Gates,Female,51,Online,2021-02-11
a401bf17-7623-4613-ac0a-23e101a26847,Gail Maddox,Female,37,Offline,2022-06-03
5aa2a1e2-fc99-4afd-a3c4-47f473faf5e8,Victor Lang,Male,39,Online,2020-07-09
9eac514d-36ae-47fd-8ddc-d24f0875c930,Robert Hardin,Male,50,Online,2023-10-02
1f1da82b-560e-4399-8664-1ffcd934fe36,Andrew Robbins,Male,67,Offline,2020-08-30
031fceed-df17-40ee-91d2-6933343d0806,Brandon Wilson,Female,64,Online,2021-03-01
ff50936f-21e9-4757-adc5-7abd85291ade,Peter Edwards,Male,24,Online,2022-03-02
eb22877f-8c06-402a-89c0-7493be93aba9,Judith Parks,Female,30,Online,2022-08-04
e32454df-ba55-4b9c-8439-41a1ee31a565,Carrie Barker,Male,66,Online,2022-12-12
d9510d09-e17f-43e0-83cb-711af3f08557,Suzanne Hoover,Male,67,Offline,2023-03-27
9f845de1-890b-45a9-a2ff-c036a86ea29f,Stefanie Scott,Female,66,Offline,2020-09-06
e4f3230d-6824-4ade-ae20-d61ebca16716,Annette Riggs,Female,58,Offline,2022-02-25
c1f7bc0d-21fe-4cc2-a0ec-79eaec196b66,Andrew Turner,Male,46,Online,2024-04-19
306bf6d2-4ff5-4e4d-8eb7-1ec73820287c,Dana Garcia,Female,46,Offline,2020-12-19
2ab533db-a85e-49c4-a190-db06fd1657f6,Darrell Peterson,Female,55,Online,2023-12-29
fdb3d4f8-ff4b-4ba7-a21a-0219d43d742a,Alexis Farley,Female,50,Online,2022-12-29
e4632c7e-01ee-4c6c-9112-ace325171d60,Austin Bray,Female,47,Offline,2023-10-10
b70e3c19-6019-403d-8372-45b95b4a3a2c,Michelle Weaver,Male,21,Offline,2023-01-14
cf046554-9770-4c5b-bae9-586e8884c36b,Mario Kelley,Female,22,Online,2020-12-09
449eab94-36c1-4f87-aea1-ac40ce04b02f,Nicole Esparza,Female,47,Online,2023-11-07
5a943499-30b4-4120-847f-d59d4fe2f6c6,Christopher Washington,Female,69,Online,2022-06-03
f7a717c3-cfae-490a-94bd-0d3229c2db18,Caitlyn Anderson,Female,56,Offline,2022-10-01
7765e9dd-2396-4515-96f7-9236e65e32c7,Nicole Horton,Male,21,Offline,2022-09-22
e8cabae3-07ca-4801-af68-1fb2ca1b237d,Paula Myers,Male,69,Offline,2022-03-04
9cc2f077-3704-41f7-96a5-83a359d1c74f,Larry Reyes,Male,50,Online,2023-06-25
a713eeb5-adaf-4989-9743-4fe3fe689883,Mrs. Molly Wilson DVM,Male,33,Offline,2022-12-12
a8b78aaa-48dc-4aac-aca7-b809b7e71dcf,David Brown,Female,51,Online,2021-02-19
e7936164-a595-4d18-bf01-fe4e67870e53,Sean Taylor,Female,41,Offline,2021-04-24
4808857c-8dfa-4f2a-bae3-34840785d4d0,Michael Stephenson,Female,44,Offline,2020-07-16
335a9eef-73d1-41ea-a8eb-e3b94a1f93f8,Derek Mitchell,Male,68,Offline,2021-03-10
9873b7de-a923-4de9-b1a1-673c8efae550,Greg Mcknight,Male,39,Online,2021-10-26
bbd45a1a-893b-43b9-b7b8-8431e9bf72b1,Sharon Stewart,Female,36,Offline,2022-11-19
1ee4b65d-e70d-42d5-a244-ea7210190d8f,Tracy Torres,Male,39,Online,2021-07-18
ad6829e2-91f0-4ddb-83d4-ee7f7905b9ba,Leah Stone,Male,40,Offline,2022-04-16
f4d04f3b-5bf3-42ad-8a03-74d00d1855f4,Amy Scott,Female,26,Online,2022-08-13
c4d16b4c-80c1-4c66-b030-84311e91a03d,Courtney Caldwell,Female,53,Offline,2023-07-19
eb100fd0-2fbc-4f23-9440-a9b4386f3e7e,Amy Weiss,Female,70,Online,2022-04-09
c00d3c45-3a19-4c63-8c8f-fac526dd2f41,Theresa Hernandez,Male,59,Offline,2024-01-12
aab1fb46-f85a-441b-9746-301630c0e676,Tammy Morgan,Female,19,Offline,2020-06-09
997d4e70-4d13-4a32-b9af-dca044e5a043,Wesley Sutton,Female,29,Online,2022-02-15
b9dec028-508a-40b7-b842-e5d8e0ec8845,Keith Nguyen,Female,67,Offline,2023-01-14
